filename,original_cc,final_cc
552_refined.npy,1,1
602_refined.npy,1,1
31_refined.npy,1,1
462_refined.npy,1,1
321_refined.npy,1,1
816_refined.npy,2,1
26_refined.npy,1,1
130_refined.npy,1,1
555_refined.npy,1,1
808_refined.npy,2,1
96_refined.npy,1,1
281_refined.npy,1,1
706_refined.npy,1,1
758_refined.npy,1,1
45_refined.npy,1,1
639_refined.npy,1,1
972_refined.npy,1,1
910_refined.npy,2,1
610_refined.npy,1,1
3_refined.npy,1,1
208_refined.npy,1,1
605_refined.npy,1,1
481_refined.npy,1,1
17_refined.npy,1,1
594_refined.npy,1,1
637_refined.npy,1,1
482_refined.npy,1,1
128_refined.npy,1,1
456_refined.npy,1,1
59_refined.npy,2,1
811_refined.npy,1,1
299_refined.npy,1,1
982_refined.npy,1,1
334_refined.npy,1,1
322_refined.npy,1,1
10_refined.npy,1,1
819_refined.npy,1,1
476_refined.npy,1,1
266_refined.npy,1,1
669_refined.npy,1,1
419_refined.npy,1,1
822_refined.npy,1,1
489_refined.npy,1,1
267_refined.npy,1,1
617_refined.npy,1,1
868_refined.npy,1,1
393_refined.npy,2,1
662_refined.npy,1,1
125_refined.npy,1,1
437_refined.npy,2,1
922_refined.npy,1,1
404_refined.npy,2,1
319_refined.npy,1,1
735_refined.npy,1,1
596_refined.npy,1,1
678_refined.npy,1,1
249_refined.npy,1,1
244_refined.npy,1,1
123_refined.npy,1,1
44_refined.npy,2,1
407_refined.npy,1,1
930_refined.npy,1,1
844_refined.npy,1,1
689_refined.npy,1,1
657_refined.npy,1,1
415_refined.npy,1,1
694_refined.npy,1,1
99_refined.npy,1,1
525_refined.npy,1,1
135_refined.npy,1,1
530_refined.npy,1,1
985_refined.npy,1,1
339_refined.npy,1,1
667_refined.npy,2,1
148_refined.npy,1,1
584_refined.npy,1,1
212_refined.npy,1,1
38_refined.npy,1,1
515_refined.npy,1,1
335_refined.npy,1,1
262_refined.npy,1,1
682_refined.npy,1,1
633_refined.npy,1,1
688_refined.npy,1,1
862_refined.npy,1,1
189_refined.npy,1,1
889_refined.npy,1,1
37_refined.npy,1,1
887_refined.npy,1,1
841_refined.npy,1,1
623_refined.npy,1,1
431_refined.npy,2,1
917_refined.npy,1,1
545_refined.npy,1,1
716_refined.npy,1,1
122_refined.npy,1,1
627_refined.npy,1,1
265_refined.npy,1,1
484_refined.npy,2,1
824_refined.npy,1,1
350_refined.npy,1,1
598_refined.npy,1,1
581_refined.npy,1,1
652_refined.npy,1,1
72_refined.npy,1,1
132_refined.npy,1,1
789_refined.npy,1,1
835_refined.npy,1,1
14_refined.npy,2,1
129_refined.npy,2,1
976_refined.npy,1,1
279_refined.npy,2,1
64_refined.npy,1,1
674_refined.npy,1,1
364_refined.npy,1,1
524_refined.npy,1,1
40_refined.npy,1,1
732_refined.npy,1,1
547_refined.npy,3,1
903_refined.npy,1,1
567_refined.npy,1,1
219_refined.npy,1,1
845_refined.npy,1,1
200_refined.npy,1,1
104_refined.npy,1,1
765_refined.npy,1,1
333_refined.npy,1,1
898_refined.npy,2,1
287_refined.npy,1,1
234_refined.npy,1,1
168_refined.npy,1,1
533_refined.npy,1,1
784_refined.npy,1,1
954_refined.npy,1,1
291_refined.npy,1,1
823_refined.npy,1,1
673_refined.npy,1,1
863_refined.npy,1,1
155_refined.npy,1,1
399_refined.npy,1,1
731_refined.npy,1,1
246_refined.npy,1,1
775_refined.npy,1,1
979_refined.npy,1,1
368_refined.npy,1,1
592_refined.npy,1,1
583_refined.npy,1,1
458_refined.npy,1,1
210_refined.npy,1,1
783_refined.npy,1,1
580_refined.npy,1,1
920_refined.npy,1,1
410_refined.npy,1,1
722_refined.npy,1,1
534_refined.npy,1,1
357_refined.npy,1,1
935_refined.npy,1,1
153_refined.npy,1,1
231_refined.npy,1,1
98_refined.npy,1,1
107_refined.npy,1,1
228_refined.npy,1,1
589_refined.npy,1,1
205_refined.npy,1,1
175_refined.npy,1,1
542_refined.npy,1,1
343_refined.npy,1,1
217_refined.npy,1,1
284_refined.npy,1,1
224_refined.npy,1,1
832_refined.npy,1,1
398_refined.npy,1,1
245_refined.npy,1,1
687_refined.npy,1,1
386_refined.npy,1,1
241_refined.npy,1,1
763_refined.npy,1,1
912_refined.npy,1,1
891_refined.npy,1,1
618_refined.npy,1,1
535_refined.npy,1,1
263_refined.npy,1,1
446_refined.npy,1,1
869_refined.npy,1,1
550_refined.npy,1,1
54_refined.npy,1,1
544_refined.npy,1,1
659_refined.npy,1,1
365_refined.npy,1,1
591_refined.npy,1,1
252_refined.npy,1,1
804_refined.npy,1,1
297_refined.npy,1,1
812_refined.npy,1,1
16_refined.npy,1,1
941_refined.npy,1,1
994_refined.npy,1,1
850_refined.npy,1,1
463_refined.npy,1,1
422_refined.npy,1,1
670_refined.npy,1,1
136_refined.npy,1,1
292_refined.npy,2,1
43_refined.npy,1,1
886_refined.npy,1,1
172_refined.npy,1,1
256_refined.npy,1,1
973_refined.npy,1,1
290_refined.npy,1,1
425_refined.npy,1,1
513_refined.npy,1,1
47_refined.npy,1,1
858_refined.npy,1,1
442_refined.npy,1,1
562_refined.npy,1,1
312_refined.npy,1,1
443_refined.npy,1,1
15_refined.npy,1,1
232_refined.npy,1,1
575_refined.npy,1,1
261_refined.npy,1,1
709_refined.npy,2,1
988_refined.npy,1,1
140_refined.npy,1,1
53_refined.npy,1,1
294_refined.npy,1,1
780_refined.npy,1,1
209_refined.npy,1,1
523_refined.npy,1,1
648_refined.npy,1,1
681_refined.npy,1,1
6_refined.npy,1,1
2_refined.npy,1,1
739_refined.npy,1,1
838_refined.npy,1,1
577_refined.npy,1,1
158_refined.npy,1,1
413_refined.npy,1,1
996_refined.npy,1,1
981_refined.npy,1,1
110_refined.npy,1,1
50_refined.npy,1,1
915_refined.npy,1,1
307_refined.npy,1,1
807_refined.npy,1,1
126_refined.npy,1,1
532_refined.npy,1,1
274_refined.npy,2,1
218_refined.npy,1,1
961_refined.npy,1,1
558_refined.npy,1,1
32_refined.npy,1,1
541_refined.npy,1,1
984_refined.npy,1,1
704_refined.npy,1,1
459_refined.npy,1,1
309_refined.npy,1,1
769_refined.npy,2,1
455_refined.npy,1,1
412_refined.npy,1,1
719_refined.npy,1,1
221_refined.npy,1,1
790_refined.npy,1,1
810_refined.npy,2,1
518_refined.npy,1,1
703_refined.npy,1,1
152_refined.npy,2,1
340_refined.npy,1,1
73_refined.npy,1,1
411_refined.npy,1,1
537_refined.npy,1,1
355_refined.npy,1,1
721_refined.npy,1,1
423_refined.npy,1,1
1_refined.npy,1,1
164_refined.npy,1,1
693_refined.npy,1,1
802_refined.npy,1,1
959_refined.npy,1,1
692_refined.npy,1,1
967_refined.npy,1,1
500_refined.npy,1,1
314_refined.npy,1,1
109_refined.npy,1,1
990_refined.npy,1,1
55_refined.npy,1,1
310_refined.npy,1,1
741_refined.npy,1,1
521_refined.npy,1,1
496_refined.npy,1,1
839_refined.npy,1,1
51_refined.npy,1,1
159_refined.npy,1,1
906_refined.npy,1,1
925_refined.npy,1,1
441_refined.npy,1,1
285_refined.npy,1,1
628_refined.npy,1,1
993_refined.npy,1,1
661_refined.npy,1,1
91_refined.npy,1,1
197_refined.npy,1,1
568_refined.npy,1,1
276_refined.npy,1,1
199_refined.npy,1,1
383_refined.npy,1,1
751_refined.npy,1,1
793_refined.npy,1,1
611_refined.npy,1,1
243_refined.npy,1,1
809_refined.npy,1,1
346_refined.npy,1,1
483_refined.npy,1,1
729_refined.npy,1,1
117_refined.npy,1,1
926_refined.npy,1,1
448_refined.npy,1,1
306_refined.npy,1,1
430_refined.npy,1,1
173_refined.npy,1,1
320_refined.npy,1,1
754_refined.npy,1,1
495_refined.npy,1,1
733_refined.npy,1,1
876_refined.npy,1,1
539_refined.npy,2,1
316_refined.npy,1,1
995_refined.npy,1,1
300_refined.npy,1,1
969_refined.npy,1,1
585_refined.npy,1,1
445_refined.npy,1,1
347_refined.npy,2,1
361_refined.npy,1,1
565_refined.npy,1,1
570_refined.npy,1,1
705_refined.npy,1,1
572_refined.npy,1,1
664_refined.npy,1,1
921_refined.npy,1,1
248_refined.npy,1,1
238_refined.npy,1,1
571_refined.npy,1,1
480_refined.npy,1,1
974_refined.npy,1,1
302_refined.npy,1,1
715_refined.npy,1,1
253_refined.npy,1,1
97_refined.npy,1,1
369_refined.npy,2,1
325_refined.npy,1,1
582_refined.npy,1,1
65_refined.npy,1,1
454_refined.npy,1,1
946_refined.npy,1,1
798_refined.npy,1,1
884_refined.npy,1,1
33_refined.npy,2,1
230_refined.npy,1,1
379_refined.npy,2,1
831_refined.npy,1,1
675_refined.npy,1,1
36_refined.npy,1,1
328_refined.npy,1,1
914_refined.npy,1,1
744_refined.npy,1,1
738_refined.npy,1,1
826_refined.npy,1,1
965_refined.npy,1,1
817_refined.npy,1,1
286_refined.npy,1,1
836_refined.npy,1,1
188_refined.npy,1,1
116_refined.npy,1,1
556_refined.npy,1,1
655_refined.npy,1,1
156_refined.npy,1,1
288_refined.npy,1,1
424_refined.npy,1,1
619_refined.npy,1,1
401_refined.npy,1,1
872_refined.npy,1,1
606_refined.npy,1,1
318_refined.npy,1,1
668_refined.npy,1,1
843_refined.npy,1,1
962_refined.npy,1,1
800_refined.npy,1,1
356_refined.npy,1,1
220_refined.npy,1,1
151_refined.npy,1,1
650_refined.npy,3,1
145_refined.npy,1,1
940_refined.npy,1,1
742_refined.npy,1,1
600_refined.npy,1,1
578_refined.npy,1,1
432_refined.npy,1,1
630_refined.npy,1,1
787_refined.npy,1,1
597_refined.npy,1,1
697_refined.npy,1,1
708_refined.npy,1,1
20_refined.npy,1,1
579_refined.npy,1,1
957_refined.npy,1,1
196_refined.npy,1,1
629_refined.npy,1,1
767_refined.npy,1,1
885_refined.npy,1,1
877_refined.npy,2,1
718_refined.npy,1,1
13_refined.npy,1,1
516_refined.npy,1,1
345_refined.npy,1,1
439_refined.npy,1,1
711_refined.npy,1,1
963_refined.npy,1,1
608_refined.npy,1,1
723_refined.npy,1,1
949_refined.npy,1,1
647_refined.npy,1,1
574_refined.npy,1,1
498_refined.npy,1,1
879_refined.npy,1,1
94_refined.npy,1,1
473_refined.npy,1,1
60_refined.npy,1,1
95_refined.npy,1,1
479_refined.npy,1,1
907_refined.npy,1,1
737_refined.npy,1,1
184_refined.npy,1,1
41_refined.npy,1,1
573_refined.npy,1,1
772_refined.npy,1,1
157_refined.npy,1,1
663_refined.npy,2,1
438_refined.npy,1,1
326_refined.npy,1,1
980_refined.npy,1,1
269_refined.npy,1,1
919_refined.npy,1,1
806_refined.npy,1,1
450_refined.npy,1,1
714_refined.npy,1,1
528_refined.npy,1,1
427_refined.npy,1,1
239_refined.npy,1,1
81_refined.npy,1,1
273_refined.npy,1,1
658_refined.npy,1,1
250_refined.npy,1,1
74_refined.npy,1,1
39_refined.npy,1,1
712_refined.npy,2,1
366_refined.npy,1,1
112_refined.npy,1,1
143_refined.npy,2,1
177_refined.npy,2,1
76_refined.npy,1,1
510_refined.npy,1,1
527_refined.npy,1,1
882_refined.npy,1,1
773_refined.npy,1,1
204_refined.npy,1,1
394_refined.npy,1,1
457_refined.npy,1,1
227_refined.npy,1,1
607_refined.npy,1,1
278_refined.npy,1,1
753_refined.npy,1,1
576_refined.npy,1,1
146_refined.npy,1,1
755_refined.npy,1,1
183_refined.npy,1,1
548_refined.npy,1,1
30_refined.npy,1,1
186_refined.npy,1,1
488_refined.npy,1,1
900_refined.npy,1,1
406_refined.npy,1,1
856_refined.npy,1,1
952_refined.npy,1,1
66_refined.npy,1,1
778_refined.npy,1,1
760_refined.npy,1,1
695_refined.npy,1,1
953_refined.npy,1,1
380_refined.npy,1,1
497_refined.npy,1,1
198_refined.npy,1,1
526_refined.npy,1,1
504_refined.npy,1,1
106_refined.npy,1,1
506_refined.npy,1,1
160_refined.npy,1,1
601_refined.npy,1,1
48_refined.npy,1,1
936_refined.npy,1,1
89_refined.npy,1,1
147_refined.npy,1,1
549_refined.npy,1,1
653_refined.npy,1,1
22_refined.npy,1,1
11_refined.npy,1,1
408_refined.npy,1,1
634_refined.npy,1,1
888_refined.npy,1,1
503_refined.npy,1,1
414_refined.npy,1,1
849_refined.npy,1,1
997_refined.npy,1,1
890_refined.npy,1,1
255_refined.npy,1,1
586_refined.npy,1,1
899_refined.npy,1,1
327_refined.npy,1,1
161_refined.npy,1,1
847_refined.npy,1,1
317_refined.npy,1,1
226_refined.npy,1,1
853_refined.npy,1,1
679_refined.npy,1,1
966_refined.npy,1,1
180_refined.npy,1,1
830_refined.npy,1,1
42_refined.npy,1,1
397_refined.npy,1,1
848_refined.npy,1,1
978_refined.npy,1,1
837_refined.npy,1,1
654_refined.npy,1,1
71_refined.npy,1,1
92_refined.npy,1,1
603_refined.npy,1,1
429_refined.npy,1,1
768_refined.npy,1,1
171_refined.npy,1,1
846_refined.npy,1,1
469_refined.npy,1,1
902_refined.npy,1,1
203_refined.npy,1,1
84_refined.npy,1,1
827_refined.npy,1,1
698_refined.npy,1,1
696_refined.npy,1,1
864_refined.npy,1,1
865_refined.npy,1,1
569_refined.npy,1,1
257_refined.npy,1,1
193_refined.npy,1,1
871_refined.npy,1,1
897_refined.npy,1,1
194_refined.npy,1,1
464_refined.npy,1,1
771_refined.npy,1,1
873_refined.npy,1,1
191_refined.npy,1,1
181_refined.npy,1,1
866_refined.npy,1,1
736_refined.npy,1,1
187_refined.npy,1,1
359_refined.npy,1,1
63_refined.npy,1,1
991_refined.npy,1,1
512_refined.npy,1,1
588_refined.npy,1,1
646_refined.npy,1,1
387_refined.npy,1,1
511_refined.npy,1,1
615_refined.npy,1,1
474_refined.npy,1,1
795_refined.npy,1,1
786_refined.npy,1,1
999_refined.npy,1,1
214_refined.npy,2,1
270_refined.npy,1,1
289_refined.npy,1,1
766_refined.npy,1,1
717_refined.npy,1,1
587_refined.npy,1,1
905_refined.npy,1,1
182_refined.npy,1,1
609_refined.npy,1,1
913_refined.npy,1,1
855_refined.npy,1,1
296_refined.npy,1,1
80_refined.npy,1,1
377_refined.npy,1,1
56_refined.npy,1,1
382_refined.npy,1,1
133_refined.npy,1,1
444_refined.npy,1,1
799_refined.npy,1,1
746_refined.npy,1,1
79_refined.npy,1,1
236_refined.npy,1,1
315_refined.npy,1,1
453_refined.npy,1,1
554_refined.npy,1,1
1000_refined.npy,1,1
977_refined.npy,1,1
225_refined.npy,1,1
486_refined.npy,1,1
251_refined.npy,1,1
645_refined.npy,1,1
301_refined.npy,1,1
374_refined.npy,2,1
740_refined.npy,1,1
934_refined.npy,1,1
237_refined.npy,1,1
520_refined.npy,1,1
796_refined.npy,1,1
487_refined.npy,1,1
894_refined.npy,1,1
499_refined.npy,1,1
131_refined.npy,1,1
728_refined.npy,1,1
950_refined.npy,1,1
338_refined.npy,1,1
641_refined.npy,1,1
901_refined.npy,1,1
730_refined.npy,1,1
163_refined.npy,1,1
546_refined.npy,1,1
9_refined.npy,1,1
86_refined.npy,1,1
665_refined.npy,1,1
710_refined.npy,1,1
418_refined.npy,1,1
734_refined.npy,1,1
756_refined.npy,1,1
896_refined.npy,1,1
403_refined.npy,1,1
908_refined.npy,1,1
466_refined.npy,1,1
82_refined.npy,2,1
947_refined.npy,1,1
987_refined.npy,1,1
137_refined.npy,1,1
701_refined.npy,1,1
384_refined.npy,1,1
614_refined.npy,1,1
968_refined.npy,1,1
986_refined.npy,1,1
391_refined.npy,1,1
400_refined.npy,1,1
477_refined.npy,1,1
801_refined.npy,2,1
119_refined.npy,1,1
247_refined.npy,1,1
341_refined.npy,1,1
211_refined.npy,1,1
216_refined.npy,2,1
536_refined.npy,1,1
426_refined.npy,1,1
604_refined.npy,1,1
21_refined.npy,1,1
353_refined.npy,2,1
983_refined.npy,1,1
779_refined.npy,1,1
924_refined.npy,1,1
842_refined.npy,1,1
283_refined.npy,1,1
124_refined.npy,1,1
501_refined.npy,1,1
752_refined.npy,1,1
929_refined.npy,1,1
19_refined.npy,1,1
223_refined.npy,1,1
938_refined.npy,1,1
677_refined.npy,1,1
861_refined.npy,1,1
52_refined.npy,1,1
235_refined.npy,1,1
813_refined.npy,1,1
867_refined.npy,1,1
774_refined.npy,1,1
277_refined.npy,2,1
149_refined.npy,1,1
720_refined.npy,1,1
103_refined.npy,1,1
396_refined.npy,1,1
642_refined.npy,1,1
468_refined.npy,1,1
680_refined.npy,1,1
105_refined.npy,1,1
508_refined.npy,1,1
24_refined.npy,1,1
992_refined.npy,1,1
942_refined.npy,1,1
87_refined.npy,1,1
185_refined.npy,1,1
127_refined.npy,1,1
375_refined.npy,1,1
781_refined.npy,1,1
916_refined.npy,1,1
7_refined.npy,1,1
971_refined.npy,1,1
491_refined.npy,1,1
551_refined.npy,1,1
672_refined.npy,1,1
975_refined.npy,1,1
892_refined.npy,1,1
493_refined.npy,1,1
502_refined.npy,1,1
878_refined.npy,1,1
178_refined.npy,1,1
207_refined.npy,1,1
360_refined.npy,2,1
656_refined.npy,1,1
5_refined.npy,1,1
874_refined.npy,1,1
791_refined.npy,1,1
421_refined.npy,1,1
154_refined.npy,1,1
770_refined.npy,1,1
750_refined.npy,1,1
195_refined.npy,1,1
895_refined.npy,1,1
324_refined.npy,1,1
904_refined.npy,1,1
794_refined.npy,1,1
337_refined.npy,1,1
522_refined.npy,1,1
363_refined.npy,1,1
964_refined.npy,2,1
951_refined.npy,1,1
75_refined.npy,2,1
12_refined.npy,1,1
260_refined.npy,1,1
378_refined.npy,2,1
803_refined.npy,1,1
201_refined.npy,1,1
788_refined.npy,1,1
727_refined.npy,2,1
911_refined.npy,1,1
649_refined.npy,1,1
460_refined.npy,1,1
624_refined.npy,1,1
62_refined.npy,1,1
167_refined.npy,1,1
311_refined.npy,1,1
909_refined.npy,1,1
298_refined.npy,2,1
293_refined.npy,1,1
342_refined.npy,1,1
213_refined.npy,1,1
169_refined.npy,1,1
69_refined.npy,1,1
559_refined.npy,1,1
748_refined.npy,2,1
815_refined.npy,1,1
560_refined.npy,1,1
202_refined.npy,1,1
666_refined.npy,1,1
229_refined.npy,1,1
271_refined.npy,2,1
685_refined.npy,1,1
632_refined.npy,1,1
660_refined.npy,2,1
78_refined.npy,1,1
529_refined.npy,1,1
108_refined.npy,2,1
222_refined.npy,1,1
100_refined.npy,1,1
392_refined.npy,1,1
989_refined.npy,1,1
49_refined.npy,1,1
937_refined.npy,1,1
859_refined.npy,1,1
395_refined.npy,1,1
707_refined.npy,1,1
713_refined.npy,1,1
475_refined.npy,1,1
472_refined.npy,1,1
233_refined.npy,1,1
34_refined.npy,1,1
777_refined.npy,1,1
268_refined.npy,1,1
388_refined.npy,3,1
492_refined.npy,1,1
389_refined.npy,1,1
860_refined.npy,1,1
749_refined.npy,1,1
918_refined.npy,1,1
945_refined.npy,1,1
948_refined.npy,1,1
451_refined.npy,1,1
390_refined.npy,1,1
329_refined.npy,2,1
764_refined.npy,1,1
519_refined.npy,1,1
85_refined.npy,1,1
643_refined.npy,1,1
372_refined.npy,1,1
471_refined.npy,1,1
35_refined.npy,1,1
303_refined.npy,1,1
114_refined.npy,1,1
759_refined.npy,1,1
490_refined.npy,1,1
370_refined.npy,2,1
494_refined.npy,1,1
373_refined.npy,2,1
792_refined.npy,1,1
762_refined.npy,1,1
57_refined.npy,1,1
620_refined.npy,1,1
452_refined.npy,1,1
851_refined.npy,1,1
134_refined.npy,1,1
61_refined.npy,1,1
381_refined.npy,1,1
761_refined.npy,1,1
557_refined.npy,1,1
651_refined.npy,1,1
465_refined.npy,1,1
282_refined.npy,1,1
275_refined.npy,1,1
115_refined.npy,1,1
644_refined.npy,1,1
264_refined.npy,1,1
566_refined.npy,1,1
206_refined.npy,1,1
259_refined.npy,1,1
121_refined.npy,1,1
4_refined.npy,1,1
111_refined.npy,1,1
514_refined.npy,1,1
428_refined.npy,2,1
354_refined.npy,1,1
120_refined.npy,1,1
825_refined.npy,2,1
595_refined.npy,1,1
433_refined.npy,1,1
362_refined.npy,1,1
613_refined.npy,1,1
590_refined.npy,1,1
470_refined.npy,2,1
923_refined.npy,1,1
242_refined.npy,1,1
517_refined.npy,1,1
352_refined.npy,1,1
416_refined.npy,1,1
928_refined.npy,1,1
330_refined.npy,2,1
58_refined.npy,1,1
955_refined.npy,1,1
139_refined.npy,1,1
405_refined.npy,1,1
46_refined.npy,1,1
254_refined.npy,1,1
258_refined.npy,1,1
700_refined.npy,1,1
671_refined.npy,1,1
507_refined.npy,1,1
943_refined.npy,1,1
553_refined.npy,1,1
640_refined.npy,1,1
612_refined.npy,1,1
932_refined.npy,1,1
417_refined.npy,1,1
358_refined.npy,1,1
478_refined.npy,1,1
626_refined.npy,1,1
821_refined.npy,1,1
165_refined.npy,1,1
833_refined.npy,1,1
308_refined.npy,1,1
461_refined.npy,1,1
818_refined.npy,1,1
434_refined.npy,1,1
757_refined.npy,1,1
636_refined.npy,1,1
420_refined.npy,1,1
305_refined.npy,1,1
118_refined.npy,1,1
599_refined.npy,2,1
563_refined.npy,1,1
505_refined.npy,1,1
745_refined.npy,1,1
240_refined.npy,1,1
893_refined.npy,1,1
944_refined.npy,1,1
726_refined.npy,1,1
616_refined.npy,1,1
402_refined.npy,1,1
447_refined.npy,1,1
776_refined.npy,1,1
351_refined.npy,1,1
83_refined.npy,1,1
998_refined.npy,1,1
323_refined.npy,1,1
304_refined.npy,1,1
828_refined.npy,1,1
820_refined.npy,1,1
561_refined.npy,1,1
564_refined.npy,1,1
409_refined.npy,1,1
638_refined.npy,1,1
543_refined.npy,1,1
635_refined.npy,1,1
467_refined.npy,1,1
857_refined.npy,1,1
593_refined.npy,1,1
144_refined.npy,1,1
272_refined.npy,1,1
435_refined.npy,1,1
690_refined.npy,1,1
93_refined.npy,1,1
336_refined.npy,1,1
376_refined.npy,1,1
332_refined.npy,1,1
101_refined.npy,1,1
331_refined.npy,1,1
176_refined.npy,1,1
854_refined.npy,1,1
162_refined.npy,1,1
436_refined.npy,1,1
174_refined.npy,1,1
631_refined.npy,1,1
834_refined.npy,1,1
747_refined.npy,1,1
840_refined.npy,1,1
725_refined.npy,1,1
170_refined.npy,1,1
138_refined.npy,1,1
385_refined.npy,1,1
625_refined.npy,1,1
88_refined.npy,1,1
805_refined.npy,1,1
881_refined.npy,1,1
449_refined.npy,1,1
28_refined.npy,1,1
939_refined.npy,1,1
344_refined.npy,1,1
699_refined.npy,1,1
295_refined.npy,1,1
349_refined.npy,1,1
958_refined.npy,1,1
702_refined.npy,1,1
960_refined.npy,1,1
166_refined.npy,1,1
485_refined.npy,1,1
509_refined.npy,1,1
102_refined.npy,1,1
538_refined.npy,1,1
280_refined.npy,1,1
684_refined.npy,1,1
150_refined.npy,1,1
676_refined.npy,1,1
18_refined.npy,1,1
814_refined.npy,1,1
829_refined.npy,1,1
933_refined.npy,1,1
782_refined.npy,1,1
621_refined.npy,1,1
686_refined.npy,1,1
77_refined.npy,1,1
348_refined.npy,1,1
785_refined.npy,1,1
797_refined.npy,1,1
23_refined.npy,1,1
215_refined.npy,1,1
67_refined.npy,1,1
691_refined.npy,1,1
622_refined.npy,1,1
113_refined.npy,1,1
313_refined.npy,1,1
70_refined.npy,1,1
852_refined.npy,1,1
956_refined.npy,1,1
440_refined.npy,2,1
970_refined.npy,1,1
25_refined.npy,1,1
875_refined.npy,1,1
68_refined.npy,1,1
192_refined.npy,1,1
8_refined.npy,1,1
683_refined.npy,1,1
540_refined.npy,1,1
531_refined.npy,1,1
870_refined.npy,1,1
190_refined.npy,1,1
27_refined.npy,1,1
371_refined.npy,1,1
179_refined.npy,1,1
743_refined.npy,1,1
880_refined.npy,1,1
367_refined.npy,1,1
931_refined.npy,1,1
724_refined.npy,1,1
142_refined.npy,1,1
29_refined.npy,1,1
883_refined.npy,1,1
927_refined.npy,1,1
